[Header],,,,,,,,,
IEMFileVersion,4,,,,,,,,
Date,,,,,,,,,
Workflow,,,,,,,,,
Application,,,,,,,,,
Assay,,,,,,,,,
Description,,,,,,,,,
Chemistry,,,,,,,,,
,,,,,,,,,
[Reads],,,,,,,,,
,,,,,,,,,
,,,,,,,,,
,,,,,,,,,
[Settings],,,,,,,,,
Adapter,AGATCGGAAGAGCACACGTCTGAACTCCAGTCA,,,,,,,,
AdapterRead2,AGATCGGAAGAGCGTCGTGTAGGGAAAGAGTGT,,,,,,,,
,,,,,,,,,
[Data],,,,,,,,,
Sample_ID,Sample_Name,Sample_Plate,Sample_Well,I7_Index_ID,index,I5_Index_ID,index2,Sample_Project,Description
1,,,,D701,ATTACTCG,D501,AGGCTATA,,
2,,,,D702,TCCGGAGA,D502,GCCTCTAT,,
3,,,,D703,CGCTCATT,D503,AGGATAGG,,
4,,,,D704,GAGATTCC,D504,TCAGAGCC,,
5,,,,D705,ATTCAGAA,D505,CTTCGCCT,,
6,,,,D706,GAATTCGT,D506,TAAGATTA,,
7,,,,D707,CTGAAGCT,D507,ACGTCCTG,,
8,,,,D708,TAATGCGC,D508,GTCAGTAC,,
9,,,,D709,CGGCTATG,D501,AGGCTATA,,
10,,,,D710,TCCGCGAA,D502,GCCTCTAT,,
11,,,,D711,TCTCGCGC,D503,AGGATAGG,,
12,,,,D712,AGCGATAG,D504,TCAGAGCC,,
